{
    "$schema": "https://schema.management.azure.com/schemas/0.1.2-preview/CreateUIDefinition.MultiVm.json#",
    "handler": "Microsoft.Azure.CreateUIDef",
    "version": "0.1.2-preview",
    "parameters": {
        "basics": [ {} ],
        "steps": [
            {
                "name": "storageConfig",
                "label": "Storage settings",
                "elements": [
                    {
                        "name": "storageAccounts",
                        "type": "Microsoft.Storage.MultiStorageAccountCombo",
                        "label": {
                            "prefix": "Storage account name prefix",
                            "type": "Storage account type"
                        },
                        "defaultValue": {
                            "prefix": "stracct",
                            "type": "Standard_LRS"
                        },
                        "constraints": { "allowedTypes": [ "Premium_LRS", "Standard_LRS", "Standard_GRS" ] },
                        "count": 2
                    }
                ]
            },
            {
                "name": "tags",
                "label": "Tags",
                "elements": [
                    {
                        "name": "tagsByResource",
                        "type": "Microsoft.Common.TagsByResource",
                        "resources": [ "Microsoft.Storage/storageAccounts", "Microsoft.Compute/virtualMachines", "Microsoft.Compute/images" ]
                    }
                ]
            }
        ],
        "outputs": {
            "storageAccountNamePrefix": "[steps('storageConfig').storageAccounts.prefix]",
            "storageAccountType": "[steps('storageConfig').storageAccounts.type]",
            "location": "[location()]",
            "tagsByResource": "[steps('tags').tagsByResource]"
        }
    }
}