{
    "$schema": "https://schema.management.azure.com/schemas/0.1.2-preview/CreateUIDefinition.MultiVm.json#",
    "handler": "Microsoft.Azure.CreateUIDef",
    "version": "0.1.2-preview",
    "parameters": {

        "location": {
            "value": "eastus"
        },
        "managedImageName": {
            "value": "TestWebApp-image-20230125192153"
        },
        "id": {
            "value": "/subscriptions/8914bde9-610c-4358-9250-68afdf4f3a97/resourceGroups/workplaceos/providers/Microsoft.Compute/virtualMachines/TestWebApp"
        },
        "zoneResilient": {
            "value": false
        }
    },
    "outputs": {}
}