{
    "$schema": "http://schema.management.azure.com/schemas/2015-01-01/deploymentTemplate.json#",
    "contentVersion": "1.0.0.0",
    "parameters": {
        "location": {
            "type": "String"
        },
        "managedImageName": {
            "type": "String"
        },
        "id": {
            "type": "String"
        },
        "zoneResilient": {
            "type": "Bool"
        }
    },
    "variables": {},
    "resources": [
        {
            "type": "Microsoft.Compute/images",
            "apiVersion": "2021-11-01",
            "name": "[parameters('managedImageName')]",
            "location": "[parameters('location')]",
            "tags": {},
            "properties": {
                "sourceVirtualMachine": {
                    "id": "[parameters('id')]"
                },
                "storageProfile": {
                    "zoneResilient": "[parameters('zoneResilient')]"
                }
            }
        }
    ],
    "outputs": {}
}