{
    "$schema": "https://schema.management.azure.com/schemas/2019-04-01/deploymentTemplate.json#",
    "contentVersion": "1.0.0.1",
    "parameters": {
        "publisher": {
            "type": "String"
        },
        "offer": {
            "type": "String"
        },
        "sku": {
            "type": "String"
        },
        "osState": {
            "type": "String"
        },
        "osType": {
            "type": "String"
        },
        "location": {
            "type": "String"
        },
        "hyperVGeneration": {
            "type": "String"
        },
        "diskControllerTypes": {
            "type": "String"
        },
        "architecture": {
            "type": "String"
        },
        "minRecommendedvCPUs": {
            "type": "Int"
        },
        "maxRecommendedvCPUs": {
            "type": "Int"
        },
        "minRecommendedMemory": {
            "type": "Int"
        },
        "maxRecommendedMemory": {
            "type": "Int"
        },
        "galleryName": {
            "type": "String"
        },
        "imageDefinitionName": {
            "type": "String"
        },
        "versionName": {
            "type": "String"
        },
        "sourceVmId": {
            "type": "String"
        },
        "defaultReplicaCount": {
            "type": "Int"
        },
        "excludedFromLatest": {
            "type": "Bool"
        },
        "regionReplications": {
            "type": "Array"
        }
    },
    "variables": {},
    "resources": [
        {
            "type": "Microsoft.Compute/galleries/images",
            "apiVersion": "2021-10-01",
            "name": "[concat(parameters('galleryName'), '/', parameters('imageDefinitionName'))]",
            "location": "[parameters('location')]",
            "dependsOn": [],
            "tags": {},
            "properties": {
                "osType": "[parameters('osType')]",
                "osState": "[parameters('osState')]",
                "identifier": {
                    "publisher": "[parameters('publisher')]",
                    "offer": "[parameters('offer')]",
                    "sku": "[parameters('sku')]"
                },
                "hyperVGeneration": "[parameters('hyperVGeneration')]",
                "features": [
                    {
                        "name": "diskControllerTypes",
                        "value": "[parameters('diskControllerTypes')]"
                    }
                ],
                "architecture": "[parameters('architecture')]",
                "recommended": {
                    "vCPUs": {
                        "min": "[parameters('minRecommendedvCPUs')]",
                        "max": "[parameters('maxRecommendedvCPUs')]"
                    },
                    "memory": {
                        "min": "[parameters('minRecommendedMemory')]",
                        "max": "[parameters('maxRecommendedMemory')]"
                    }
                }
            }
        },
        {
            "type": "Microsoft.Compute/galleries/images/versions",
            "apiVersion": "2021-10-01",
            "name": "[concat(parameters('galleryName'), '/', parameters('imageDefinitionName'), '/', parameters('versionName'))]",
            "location": "[parameters('location')]",
            "dependsOn": [
                "[concat('Microsoft.Compute/galleries/', parameters('galleryName'), '/images/', parameters('imageDefinitionName'))]"
            ],
            "tags": {},
            "properties": {
                "publishingProfile": {
                    "replicaCount": "[parameters('defaultReplicaCount')]",
                    "targetRegions": "[parameters('regionReplications')]",
                    "excludeFromLatest": "[parameters('excludedFromLatest')]"
                },
                "storageProfile": {
                    "source": {
                        "id": "[parameters('sourceVmId')]"
                    }
                }
            }
        }
    ],
    "outputs": {}
}